authorProfile,authorId,title,link,body,subreddit,publishingDate,postId,postLabel,postUpvotes,ratio,matureContent,postAwards,commentCount,attachmentType,subredditMembers
https://www.reddit.com/user/jhambgaurav,t2_7ov4v18z,Slay the Spire Comic – The Loop,https://www.reddit.com/r/slaythespire/comments/1jexdxb/slay_the_spire_comic_the_loop/,,slaythespire,1742392129,t3_1jexdxb,SPIRIT POOP,7440,0.97,False,0,253,,245760
https://www.reddit.com/user/jhambgaurav,t2_7ov4v18z,Comic - The Masked Bandits,https://www.reddit.com/r/slaythespire/comments/1jpopp4/comic_the_masked_bandits/,,slaythespire,1743600966,t3_1jpopp4,ART/CREATIVE,5071,0.98,False,0,145,,245760
https://www.reddit.com/user/meatshell,t2_znzxw,I swear I only use this for learning purpose,https://www.reddit.com/r/slaythespire/comments/1j5q4tx/i_swear_i_only_use_this_for_learning_purpose/,,slaythespire,1741359647,t3_1j5q4tx,SPIRIT POOP,3669,0.98,False,0,55,image,245760
https://www.reddit.com/user/Exylas,t2_oenksqy2,"Why yes, I do want to double my colossal fortune, thank you very much!",https://www.reddit.com/r/slaythespire/comments/1jnh55s/why_yes_i_do_want_to_double_my_colossal_fortune/,,slaythespire,1743354486,t3_1jnh55s,SPIRIT POOP,3131,0.98,False,0,65,hosted:video,245760
https://www.reddit.com/user/armityle3014,t2_1pqr06hh,"This statue keeps asking me why I'm ""still here"", what should I do?",https://www.reddit.com/r/slaythespire/comments/1jia8zh/this_statue_keeps_asking_me_why_im_still_here/,,slaythespire,1742765238,t3_1jia8zh,SPIRIT POOP,2841,0.98,False,0,32,image,245760
https://www.reddit.com/user/Estebunnie,t2_2vh76p24,Does the game read your deck and give you the worst boss matchup?,https://www.reddit.com/r/slaythespire/comments/1jbyfo4/does_the_game_read_your_deck_and_give_you_the/,"I feel like everytime I build a 0 energy deck and get spinning top they give me time eater.

When I have a million frigging powers the give me the Caw Caw Boss.

The duo I don't really mind.",slaythespire,1742054775,t3_1jbyfo4,DISCUSSION,2798,0.97,False,0,127,image,245760
https://www.reddit.com/user/manuelito1233,t2_95ne1,Been playing a bit too much Spire Slayer i mean Monster Hunter,https://www.reddit.com/r/slaythespire/comments/1j6ibim/been_playing_a_bit_too_much_spire_slayer_i_mean/,,slaythespire,1741444181,t3_1j6ibim,ART/CREATIVE,2713,0.99,False,0,80,,245760
https://www.reddit.com/user/ArkthePieKing,t2_wu8rv,Chimera Cards giving me pure gold. Do I click it?,https://www.reddit.com/r/slaythespire/comments/1j68ag3/chimera_cards_giving_me_pure_gold_do_i_click_it/,,slaythespire,1741404955,t3_1j68ag3,MODDED,2322,0.98,False,0,45,image,245760
https://www.reddit.com/user/Lynesaurus,t2_kptll,Why did my fairy in a bottle not activate here?,https://www.reddit.com/r/slaythespire/comments/1jdolbi/why_did_my_fairy_in_a_bottle_not_activate_here/,,slaythespire,1742247464,t3_1jdolbi,SPIRIT POOP,2194,0.95,False,0,58,image,245760
https://www.reddit.com/user/_dragonphly,t2_i7x2onwe,"""um actually"" no it doesn't work like that, don't be pedantic",https://www.reddit.com/r/slaythespire/comments/1jlmh5i/um_actually_no_it_doesnt_work_like_that_dont_be/,,slaythespire,1743134331,t3_1jlmh5i,CUSTOM CONTENT,2104,0.97,False,0,119,image,245760
https://www.reddit.com/user/boo-was-taken,t2_k7pnykthm,This Defect art from megacrit is the coziest thing i've ever seen,https://www.reddit.com/r/slaythespire/comments/1jaf5vh/this_defect_art_from_megacrit_is_the_coziest/,,slaythespire,1741881066,t3_1jaf5vh,ART/CREATIVE,2023,0.99,False,0,43,image,245760
https://www.reddit.com/user/ElegantPoet3386,t2_q6zz9egju,Hahahahahahahahaha,https://www.reddit.com/r/slaythespire/comments/1jqy6tk/hahahahahahahahaha/,,slaythespire,1743724554,t3_1jqy6tk,SPIRIT POOP,1954,0.96,False,0,46,image,245760
https://www.reddit.com/user/SarahCBunny,t2_zc77z7868,what the fuck is her problem?,https://www.reddit.com/r/slaythespire/comments/1jgva2y/what_the_fuck_is_her_problem/,,slaythespire,1742601265,t3_1jgva2y,DISCUSSION,1934,0.99,False,0,113,image,245760
https://www.reddit.com/user/PixelPenguin_GG,t2_127vuvfjmy,Day #268 of drawing badly until StS2 comes out,https://www.reddit.com/r/slaythespire/comments/1jdup2v/day_268_of_drawing_badly_until_sts2_comes_out/,,slaythespire,1742264461,t3_1jdup2v,ART/CREATIVE,1888,0.99,False,0,58,image,245760
https://www.reddit.com/user/Creeper52,t2_1483gq,Fastest Necronomicurse Run:,https://www.reddit.com/r/slaythespire/comments/1j8p12h/fastest_necronomicurse_run/,,slaythespire,1741694337,t3_1j8p12h,SPIRIT POOP,1854,0.99,False,0,34,hosted:video,245760
https://www.reddit.com/user/ccstewy,t2_ge08s,This stupid card idea came to me in the shower,https://www.reddit.com/r/slaythespire/comments/1jhu3ie/this_stupid_card_idea_came_to_me_in_the_shower/,"I’ve been playing a lot of Wildfrost and there’s a charm that just increases all numbers present on a card by 1, so I had the thought of “wow that would make a lot of cards really funny, but also curse cards would SUCK”",slaythespire,1742715995,t3_1jhu3ie,CUSTOM CONTENT,1855,0.97,False,0,130,image,245760
https://www.reddit.com/user/MidMillennial,t2_ujeis27uz,Just a Ironchad Climbing the Spire,https://www.reddit.com/r/slaythespire/comments/1jn3msn/just_a_ironchad_climbing_the_spire/,,slaythespire,1743304860,t3_1jn3msn,SPIRIT POOP,1839,0.99,False,0,59,hosted:video,245760
https://www.reddit.com/user/wintermechanic6,t2_rs5ewrxn,I can't believe it's not canon,https://www.reddit.com/r/slaythespire/comments/1jjhg3v/i_cant_believe_its_not_canon/,,slaythespire,1742903262,t3_1jjhg3v,SPIRIT POOP,1816,0.97,False,0,63,image,245760
https://www.reddit.com/user/MegaPorkachu,t2_d6tgwm0,Inspired by Janky Hyperbeam: would a card be good if it dealt damage to *actually* ALL enemies?,https://www.reddit.com/r/slaythespire/comments/1j8f9r8/inspired_by_janky_hyperbeam_would_a_card_be_good/,,slaythespire,1741656401,t3_1j8f9r8,CUSTOM CONTENT,1756,0.98,False,0,128,image,245760
https://www.reddit.com/user/Greggics,t2_1f6leiyx,Which one do you like to remove first?,https://www.reddit.com/r/slaythespire/comments/1j76i62/which_one_do_you_like_to_remove_first/,,slaythespire,1741522928,t3_1j76i62,DISCUSSION,1745,0.96,False,0,253,image,245760
https://www.reddit.com/user/cow_fucker_3001,t2_i0vvixlca,Why didn't my lizard tail activate?,https://www.reddit.com/r/slaythespire/comments/1jkv6e5/why_didnt_my_lizard_tail_activate/,,slaythespire,1743047290,t3_1jkv6e5,SPIRIT POOP,1727,0.95,False,0,45,image,245760
https://www.reddit.com/user/Nacroleptic_Owl,t2_mqhtt,Don't take this too seriously,https://www.reddit.com/r/slaythespire/comments/1jjfsb9/dont_take_this_too_seriously/,,slaythespire,1742896733,t3_1jjfsb9,SPIRIT POOP,1714,0.88,False,0,207,image,245760
https://www.reddit.com/user/Baileyjk01,t2_62bz1hwr,3 Fairy in a bottle and a lizard tail lmao,https://www.reddit.com/r/slaythespire/comments/1jdagbj/3_fairy_in_a_bottle_and_a_lizard_tail_lmao/,,slaythespire,1742211083,t3_1jdagbj,DISCUSSION,1714,0.99,False,0,85,image,245760
https://www.reddit.com/user/Boomyville,t2_17g9v2,Nob's Club,https://www.reddit.com/r/slaythespire/comments/1ja9nc0/nobs_club/,,slaythespire,1741864842,t3_1ja9nc0,CUSTOM CONTENT,1667,0.98,False,0,82,image,245760
https://www.reddit.com/user/Akkator006,t2_uhrbp,This came to me in a daydream,https://www.reddit.com/r/slaythespire/comments/1jcneb1/this_came_to_me_in_a_daydream/,,slaythespire,1742137370,t3_1jcneb1,CUSTOM CONTENT,1641,0.98,False,0,84,image,245760
